1,2,e.foundation
2,2,ecloud.global
3,3,000webhost.com
4,3,000webhostapp.com
5,4,123rf.com
6,5,1password.com
7,6,280daily.com
8,7,4pda.ru
9,7,4pda.to
10,8,4shared.com
11,9,500px.com
12,10,7digital.com
13,11,99designs.com
14,12,9gag.com
15,13,abacashi.com
16,14,abebooks.com
17,15,abload.de
18,16,about.me
19,17,academia.edu
20,18,splittable.co
21,18,helloacasa.com
22,19,acorns.com
23,20,acronis.com
24,21,activehosted.com
25,22,ada.com
26,23,adafruit.com
27,24,adf.ly
28,25,adguard.com
29,26,adobe.com
30,27,advcash.com
31,28,airbnb.ae
32,28,airbnb.at
33,28,airbnb.be
34,28,airbnb.ca
35,28,airbnb.cat
36,28,airbnb.ch
37,28,airbnb.cl
38,28,airbnb.co.cr
39,28,airbnb.co.id
40,28,airbnb.co.in
41,28,airbnb.co.kr
42,28,airbnb.co.nz
43,28,airbnb.co.uk
44,28,airbnb.co.ve
45,28,airbnb.com
46,28,airbnb.com.ar
47,28,airbnb.com.au
48,28,airbnb.com.bo
49,28,airbnb.com.br
50,28,airbnb.com.bz
51,28,airbnb.com.co
52,28,airbnb.com.ec
53,28,airbnb.com.gt
54,28,airbnb.com.hk
55,28,airbnb.com.hn
56,28,airbnb.com.mt
57,28,airbnb.com.my
58,28,airbnb.com.ni
59,28,airbnb.com.pa
60,28,airbnb.com.pe
61,28,airbnb.com.py
62,28,airbnb.com.sg
63,28,airbnb.com.sv
64,28,airbnb.com.tr
65,28,airbnb.com.tw
66,28,airbnb.cz
67,28,airbnb.de
68,28,airbnb.dk
69,28,airbnb.es
70,28,airbnb.fi
71,28,airbnb.fr
72,28,airbnb.gr
73,28,airbnb.gy
74,28,airbnb.hu
75,28,airbnb.ie
76,28,airbnb.is
77,28,airbnb.it
78,28,airbnb.jp
79,28,airbnb.mx
80,28,airbnb.nl
81,28,airbnb.no
82,28,airbnb.pl
83,28,airbnb.pt
84,28,airbnb.ru
85,28,airbnb.se
86,29,airdroid.com
87,30,alibaba.com
88,31,alienwarearena.com
89,32,aliexpress.com
90,33,allcall.hk
91,34,alvanista.com
92,35,amara.org
93,36,amazon.ae
94,36,amazon.ca
95,36,amazon.cn
96,36,amazon.co.jp
97,36,amazon.co.uk
98,36,amazon.com
99,36,amazon.com.au
100,36,amazon.com.br
101,36,amazon.com.mx
102,36,amazon.com.sg
103,36,amazon.com.tr
104,36,amazon.de
105,36,amazon.es
106,36,amazon.fr
107,36,amazon.in
108,36,amazon.it
109,36,amazon.nl
110,37,amazon.com
111,38,androidfilehost.com
112,39,angel.co
113,40,anilist.co
114,41,animalcrossingcommunity.com
115,42,animoto.com
116,43,ankiapp.com
117,44,ankiweb.net
118,45,anonaddy.com
119,46,any.do
120,47,aol.com
121,48,apexminecrafthosting.com
122,49,appfog.com
123,50,apple.com
124,50,developer.apple.com
125,50,icloud.com
126,50,appleid.apple.com
127,51,appshopper.com
128,52,ara.cat
129,53,armorgames.com
130,54,theartistunion.com
131,55,artsy.net
132,56,asgardia.space
133,57,ask.fm
134,58,asos.de
135,59,assembla.com
136,60,atcoder.jp
137,61,aternos.org
138,62,atlassian.com
139,62,my.atlassian.com
140,63,audiomack.com
141,64,authy.com
142,65,autodesk.com
143,66,autoscout24.com
144,66,autoscout24.at
145,66,autoscout24.be
146,66,autoscout24.es
147,66,autoscout24.de
148,66,autoscout24.fr
149,66,autoscout24.it
150,66,autoscout24.lu
151,66,autoscout24.nl
152,66,autoscout24.bg
153,66,autoscout24.cz
154,66,autoscout24.eu
155,66,autoscout24.hr
156,66,autoscout24.ro
157,66,autoscout24.se
158,66,autoscout24.com.tr
159,66,autoscout24.com.ua
160,66,autoscout24.net
161,67,assembla.com
162,68,avira.com
163,69,awardwallet.com
164,70,axs.com
165,71,babbel.com
166,72,backblaze.com
167,73,badoo.com
168,74,bambuser.com
169,75,bandcamp.com
170,76,barnesandnoble.com
171,77,basecamp.com
172,77,basecamp-help.com
173,78,usebasin.com
174,79,eu.battle.net
175,79,battle.net
176,79,blizzard.com
177,80,bewelcome.org
178,81,beamly.com
179,82,behance.net
180,83,https://www.bet365.com
181,84,betterment.com
182,85,bidoo.com
183,86,binance.com
184,87,bitbucket.org
185,88,central.bitdefender.com
186,89,bitfinex.com
187,90,bitly.com
188,90,bit.ly
189,91,bitwarden.com
190,92,blackspigot.com
191,93,blinkee.city
192,94,blinkist.com
193,95,blogger.com
194,96,blueapron.com
195,97,bluebird.com
196,98,bluejeans.com
197,99,boardgamearena.com
198,100,boardgamesonline.net
199,101,boardgamegeek.com
200,102,git.boba.best
201,103,bodbot.com
202,104,bodybuilding.com
203,105,bohemia.net
204,106,bookbub.com
205,107,booking.com
206,108,booklooker.de
207,109,bookmarkos.com
208,110,botlist.space
209,111,box.com
210,112,boxcryptor.com
211,113,getbring.com
212,114,britishairways.com
213,115,browserstack.com
214,116,bufferapp.com
215,117,bukalapak.com
216,118,bungie.net
217,119,burst.net
218,120,buycott.com
219,121,tebex.io
220,122,ress.at
221,123,cabify.com
222,124,cacoo.com
223,125,cafepress.com
224,126,cakereader.com
225,127,callofduty.com
226,128,camelcamelcamel.com
227,129,canva.com
228,130,car2go.com
229,130,drive-now.com
230,130,share-now.com
231,131,carbonmade.com
232,132,careerbuilder.com
233,133,ccma.cat
234,134,cda.pl
235,135,cdon.se
236,135,cdon.dk
237,135,cdon.no
238,135,cdon.fi
239,135,cdon.eu
240,136,celcoin.com.br
241,136,suportecelcoin.zendesk.com
242,137,cengage.com
243,138,cex.io
244,139,change.org
245,140,changelly.com
246,141,channel4.com
247,142,chatforma.com
248,143,cheapassgamer.com
249,144,checklist.com
250,145,checksub.com
251,146,chegg.com
252,147,chess.com
253,148,classpass.com
254,149,cleverreach.com
255,150,clickandbuy.com
256,151,cloudconvert.com
257,152,cl.ly
258,153,cloudflare.com
259,154,cloudmagic.com
260,155,cprewritten.net
261,156,cnet.com
262,157,coderedweb.com
263,158,codeanywhere.com
264,159,codeberg.org
265,160,codecademy.com
266,161,codechef.com
267,162,codeforces.com
268,163,codenvy.com
269,163,codenvy.io
270,164,codepen.io
271,165,codeproject.com
272,166,codersrank.io
273,167,coderwall.com
274,168,codetasty.com
275,169,codewars.com
276,170,coinbase.com
277,171,stratum.hk
278,171,coinbr.net
279,171,coinbr.io
280,172,coinpayments.net
281,173,cointree.com
282,174,collegeboard.org
283,175,commentcamarche.net
284,176,commun.it
285,177,conte.it
286,178,chefcookit.com
287,179,couchsurfing.org
288,179,couchsurfing.com
289,180,coursera.org
290,181,craigslist.org
291,182,crashplan.com
292,182,code42.com
293,183,creditkarma.com
294,184,creditexpert.co.uk
295,185,crowdcast.io
296,186,crowdfireapp.com
297,187,crowdin.com
298,188,crunchyroll.com
299,189,crushee.com
300,190,cryptfolio.com
301,191,crypton.sh
302,192,cryptotrader.org
303,193,cryptpad.fr
304,194,curve.app
305,195,cybrary.com
306,196,dailymotion.com
307,197,danstonchat.com
308,198,danwin1210.me
309,199,dashlane.com
310,200,datacamp.com
311,201,dayone.me
312,202,kinja.com
313,203,deezer.com
314,204,deliverycode.com
315,205,delta.com
316,206,depositphotos.com
317,207,dev.to
318,208,deviantart.com
319,209,paket.de
320,210,diasp.eu
321,211,dice.com
322,212,dicecloud.com
323,213,dict.cc
324,214,digg.com
325,214,digg.zendesk.com
326,215,digitalocean.com
327,216,diigo.com
328,217,discogs.com
329,218,discordapp.com
330,218,discord.com
331,219,community.containo.us
332,219,airlinepilot.life
333,219,bbs.boingboing.net
334,219,blenderartists.org
335,219,commons.commondreams.org
336,219,community.bnz.co.nz
337,219,community.brave.com
338,219,community.cartalk.com
339,219,community.containo.us
340,219,community.drownedinsound.com
341,219,community.gemsofwar.com
342,219,community.glowforge.com
343,219,community.infinite-flight.com
344,219,community.mydevices.com
345,219,community.netlify.com
346,219,community.smartthings.com
347,219,community.unbounce.com
348,219,discourse.codecombat.com
349,219,discourse.gnome.org
350,219,discourse.joplinapp.org
351,219,discuss.atom.io
352,219,discuss.codecademy.com
353,219,discuss.elastic.co
354,219,discuss.emberjs.com
355,219,discuss.newrelic.com
356,219,experts.feverbee.com
357,219,foro.estudiabetes.org/
358,219,forum.cloudron.io
359,219,forum.duplicati.com
360,219,forum.factset.com
361,219,forum.gethopscotch.com
362,219,forum.glamour.de
363,219,forum.level1techs.com
364,219,forum.linkinpark.com
365,219,forum.ludia.com
366,219,forum.mangoh.io
367,219,forum.plentymarkets.com
368,219,forum.rclone.org
369,219,forum.restic.net
370,219,forum.schizophrenia.com
371,219,forum.smallgiantgames.com
372,219,forum.syncthing.net
373,219,forums.bignerdranch.com
374,219,forums.docker.com
375,219,forums.envato.com
376,219,forums.eveonline.com
377,219,forums.funcom.com
378,219,forums.gearboxsoftware.com
379,219,forums.pimoroni.com
380,219,forums.republicwireless.com
381,219,forums.t-nation.com
382,219,forums.wyzecam.com
383,219,gamekult.com/forum
384,219,helloforos.com
385,219,meta.discourse.org
386,219,secopshub.com
387,219,soaps.sheknows.com/message-boards
388,219,survivefrance.com
389,219,talk.folksy.com
390,219,try.discourse.org
391,219,twittercommunity.com
392,219,users.rust-lang.org
393,220,discshop.fi
394,221,disqus.com
395,222,disroot.org
396,222,user.disroot.org
397,222,mail.disroot.org
398,223,dnsimple.com
399,224,docker.com
400,225,docusign.com
401,226,doodle.com
402,227,douban.com
403,228,downapp.com
404,229,draftin.com
405,230,drawpile.net
406,231,dreamstime.com
407,232,dreamwidth.org
408,233,dribbble.com
409,234,drone.io
410,235,dronebase.com
411,236,dropbox.com
412,237,droplr.com
413,237,d.pr
414,238,dropmark.com
415,239,dubsmash.com
416,240,duolingo.com
417,241,dwell.co.uk
418,242,dwolla.com
419,243,dynadot.com
420,244,dyn.com
421,245,ea.com
422,246,easyeda.com
423,247,easyjet.com
424,248,eatstreet.com
425,249,ebanx.cl
426,249,ebanx.com
427,249,ebanx.com.bo
428,249,ebanx.com.br
429,249,ebanx.com.co
430,249,ebanx.com.ec
431,249,ebanx.com.mx
432,249,ebanx.com.pe
433,250,ebay.com
434,251,ebonus.gg
435,252,eddb.io
436,253,edpuzzle.com
437,254,edreams.com
438,254,edreams.co.uk
439,254,edreams.net
440,254,edreams.pt
441,255,edvisors.com
442,255,scholarshippoints.com
443,256,edx.org
444,257,element.io
445,258,elevateapp.com
446,259,ello.co
447,260,elpais.com.uy
448,261,endomondo.com
449,262,envato.com
450,262,themeforest.net
451,262,codecanyon.net
452,262,videohive.net
453,262,audiojungle.net
454,262,graphicriver.net
455,262,photodune.net
456,262,3docean.net
457,262,activeden.net
458,263,epicgames.com
459,264,eproject.me
460,265,erepublik.com
461,266,espn.com
462,267,etoro.com
463,268,etsy.com
464,269,eventbrite.com
465,270,eventful.com
466,271,eventim.de
467,272,evernote.com
468,273,evite.com
469,274,exercism.io
470,275,expedia.com
471,275,expedia.co.uk
472,275,expedia.de
473,275,expedia.fr
474,276,experiandirect.com
475,277,experian.co.uk
476,278,facebook.com
477,279,messenger.com
478,280,faceit.com
479,281,facile.it
480,282,fandom.wikia.com
481,283,fanfiction.net
482,284,fast2pay.com.br
483,285,www.fasttech.com
484,286,fastweb.com
485,287,faucethub.io
486,288,feedly.com
487,289,feroxhosting.nl
488,290,finanzblick.de
489,291,fitbit.com
490,292,fitocracy.com
491,293,flattr.com
492,294,flickr.com
493,295,flipboard.com
494,296,flixster.com
495,297,floatplane.com
496,298,foap.com
497,299,fogbugz.com
498,300,forvo.com
499,301,fotka.pl
500,302,foursquare.com
501,303,freebitco.in
502,304,freecodecamp.org
503,305,freelancer.com
504,306,freeletics.com
505,307,freenom.com
506,308,freesound.org
507,309,freshdesk.com
508,310,fruux.com
509,311,funimation.com
510,312,fxhome.com
511,313,www.gg.pl
512,314,gameforge.com
513,314,support.gameforge.com
514,315,gamegleam.com
515,316,gamehag.com
516,317,gamejolt.com
517,318,gamespot.com
518,319,garena.sg
519,320,gaug.es
520,321,kinja.com
521,322,gearbest.com
522,323,geni.com
523,324,geocaching.com
524,324,groundspeak.com
525,325,getcontact.com
526,326,getcreditscore.com.au
527,327,gface.com
528,327,crytek.kayako.com
529,328,gfycat.com
530,329,ghash.io
531,330,giantbomb.com
532,331,github.com
533,332,gitkraken.com
534,333,gitlab.com
535,334,gittigidiyor.com
536,335,kinja.com
537,336,glassboard.com
538,337,glassdoor.com
539,338,glitch.com
540,339,glovoapp.com
541,340,trionworlds.com
542,340,gamigo.com
543,341,gmail.com
544,341,mail.google.com
545,342,gmx.net
546,343,godaddy.com
547,344,gofundme.com
548,345,gog.com
549,346,gogoair.com
550,347,go-jek.com
551,348,goodnoows.com
552,349,good.co
553,350,goodreads.com
554,351,google.com
555,351,google.co.uk
556,352,plus.google.com
557,353,gopetition.com
558,354,gorila.com.br
559,355,gosquared.com
560,356,gpodder.net
561,357,grab.com
562,358,grailed.com
563,359,grammarly.com
564,360,gravatar.com
565,361,greenmangaming.com
566,362,grindr.com
567,363,groupme.com
568,364,groupon.com
569,365,grubhub.com
570,366,gtmetrix.com
571,367,arena.net
572,367,guildwars2.com
573,367,help.guildwars2.com
574,368,gumroad.com
575,369,gumtree.com
576,370,gyazo.com
577,371,habbo.com
578,371,habbo.com.br
579,371,habbo.com.tr
580,371,habbo.de
581,371,habbo.es
582,371,habbo.fi
583,371,habbo.fr
584,371,habbo.it
585,371,habbo.nl
586,372,habitica.com
587,373,hackthebox.eu
588,374,hackthissite.org
589,375,hackaday.io
590,376,jacquesmattheij.com
591,377,www.hackerrank.com
592,378,hackpad.com
593,379,happyscribe.co
594,380,headliner.app
595,381,headspace.com
596,382,hellofax.com
597,383,hellowallet.com
598,384,helpscout.com
599,385,hepsiburada.com
600,386,heroesofnewerth.com
601,387,heroku.com
602,388,hirezstudios.com
603,389,hi5.com
604,390,highbeam.com
605,391,hitbtc.com
606,392,hol.org.uk
607,393,joinhoney.com
608,394,hostelsclub.com
609,395,hotornot.com
610,396,live.com
611,397,houzz.com
612,398,hover.com
613,399,howlongtobeat.com
614,400,www8.hp.com
615,400,hp.com
616,401,huddle.com
617,402,hulu.com
618,403,humblebundle.com
619,404,ibotta.com
620,405,icq.com
621,406,ifttt.com
622,407,imageshack.us
623,408,imdb.com
624,409,imgur.com
625,410,imo.im
626,411,importabr.com.br
627,412,indeed.com
628,413,indiegala.com
629,414,indiegogo.com
630,415,infocasas.com.uy
631,416,infojobs.net
632,417,ingress.com
633,418,innogames.com
634,419,inoreader.com
635,420,instagram.com
636,421,instapaper.com
637,422,instructables.com
638,423,intel.com
639,424,archive.org
640,425,internetometer.com
641,426,yewtu.be
642,426,invidious.snopyta.org
643,426,invidious.kavin.rocks
644,426,vid.puffyan.us
645,426,invidious.exonip.de
646,426,ytprivate.com
647,426,invidious.silkky.cloud
648,426,invidious-us.kavin.rocks
649,426,inv.riverside.rocks
650,426,y.com.cm
651,426,ytb.trom.tf
652,426,invidious.s1gm4.eu
653,426,invidious.namazso.eu
654,426,yt.cyberhost.uk
655,427,invisionapp.com
656,428,kinja.com
657,429,irccloud.com
658,430,issuu.com
659,431,istudentpro.com
660,432,itch.io
661,433,apple.com
662,434,iubenda.com
663,435,iversity.com
664,436,kinja.com
665,437,jdate.com
666,438,kinja.com
667,439,jimdo.com
668,440,jolla.com
669,441,jottacloud.com
670,442,journey.cloud
671,443,jsbin.com
672,444,jsfiddle.net
673,445,kaspersky.com
674,446,keepa.com
675,447,keeper.io
676,447,keepersecurity.com
677,448,keybase.io
678,449,khanacademy.org
679,450,kickstarter.com
680,451,kikinteractive.zendesk.com
681,451,kik.com
682,452,kinguin.net
683,453,kinja.com
684,454,kit.co
685,455,klarna.com
686,456,klepit.com
687,457,koingosw.com
688,458,kongregate.com
689,459,kinja.com
690,460,kraken.com
691,461,kununu.com
692,462,last.fm
693,463,lastpass.com
694,464,launchpad.net
695,465,lbry.com
696,466,leagueoflegends.com
697,467,leetcode.com
698,468,letgo.com
699,469,letterboxd.com
700,470,letyshops.com
701,471,liberland.org
702,471,market.ll.land
703,472,librarything.de
704,473,libre.fm
705,474,kinja.com
706,475,li.me
707,475,help.li.me
708,476,lingvist.com
709,477,linkedin.com
710,478,linktr.ee
711,479,linsensuppe.de
712,480,linustechtips.com
713,481,listia.com
714,482,livejournal.com
715,483,lobste.rs
716,484,lolja.com.br
717,485,lookout.com
718,486,loseit.com
719,487,lucidchart.com
720,487,lucidpress.com
721,488,luckypatchers.com
722,489,https://ldjam.com/
723,490,lh.com
724,490,lufthansa.com
725,490,lufthansa.de
726,491,lumosity.com
727,492,lutris.net
728,493,lyft.com
729,493,account.lyft.com
730,494,mactrade.de
731,495,macupdate.com
732,496,magoosh.com
733,497,mailbox.org
734,498,mailchimp.com
735,499,kb.mailfence.com
736,499,mailfence.com
737,500,getmailspring.com
738,501,mangadex.org
739,502,mapbox.com
740,503,mapstr.com
741,504,marvelapp.com
742,505,drop.com
743,506,mastodon.social
744,507,match.com
745,508,mathway.com
746,509,maxdome.de
747,510,mbed.com
748,511,mcafee.com
749,512,mcvip.mcdonalds.de
750,513,mediafire.com
751,514,mediapart.fr
752,515,medium.com
753,516,meetfrank.com
754,517,meetup.com
755,518,megaxus.com
756,519,melodics.com
757,520,memrise.com
758,521,mendeley.com
759,522,mepergunte.com
760,523,mercadolibre.com.ar
761,523,mercadopago.com.ar
762,524,mercadolibre.com.bo
763,525,mercadolibre.cl
764,525,mercadopago.cl
765,526,mercadolibre.com.co
766,526,mercadopago.com.co
767,527,mercadolibre.co.cr
768,528,mercadolibre.com.ec
769,529,mercadolibre.com.gt
770,530,mercadolibre.com.hn
771,531,mercadolibre.com.mx
772,531,mercadopago.com.mx
773,532,mercadolibre.com.ni
774,533,mercadolibre.com.pa
775,534,mercadolibre.com.py
776,535,mercadolibre.com.pe
777,535,mercadopago.com.pe
778,536,mercadolibre.com.do
779,537,mercadolibre.com.sv
780,538,mercadolibre.com.uy
781,538,mercadopago.com.uy
782,539,mercadolibre.com.ve
783,539,mercadopago.com.ve
784,540,mercadolivre.com.br
785,540,mercadopago.com.br
786,540,mercadolivre.com
787,541,metacafe.com
788,542,account.xiaomi.com
789,543,live.com
790,544,office.com
791,545,mindmeister.com
792,546,minecraft.net
793,546,help.minecraft.net
794,546,account.mojang.com
795,547,mint.com
796,548,miro.com
797,549,mister-wong.de
798,550,mixcloud.com
799,551,mixlr.com
800,552,mobify.com
801,553,mobillsapp.com
802,554,mockflow.com
803,555,mojang.com
804,556,moneydashboard.com
805,557,moneylover.me
806,558,moneysavingexpert.com
807,559,mongodb.com
808,560,monkeytype.com
809,561,monster.com
810,562,moonpig.com
811,562,moonpig.co.uk
812,563,morningstar.com
813,564,moviepilot.de
814,565,developer.mozilla.org
815,566,addons.mozilla.org
816,566,accounts.firefox.com
817,567,muambator.com.br
818,568,multiplay.com
819,569,munzee.com
820,570,musescore.com
821,570,musescore.org
822,571,musicbrainz.org
823,572,myfitnesspal.com
824,573,myanimelist.net
825,574,eset.com
826,574,my.eset.com
827,575,myfritz.net
828,575,sso.myfritz.net
829,576,jdownloader.org
830,577,livestrong.com
831,577,livestrong.zendesk.com
832,578,myscript.com
833,579,myspace.com
834,580,n11.com
835,581,namecheap.com
836,582,nanowrimo.org
837,583,napster.com
838,584,native-instruments.com
839,584,support.native-instruments.com
840,585,ncbi.nlm.nih.gov
841,586,nearpod.com
842,587,neon.com.br
843,588,neopets.com
844,589,netflix.com
845,590,netlify.com
846,591,netology.ru
847,592,netvibes.com
848,593,newrelic.com
849,594,nytimes.com
850,595,newsblur.com
851,596,newspipe.org
852,597,nextdns.io
853,598,nextdoor.com
854,599,nexusmods.com
855,600,nicehash.com
856,601,nike.com
857,602,ninoxdb.de
858,603,nintendo.com
859,604,njal.la
860,605,noip.com
861,606,nordpass.com
862,607,nordvpn.com
863,608,thenounproject.com
864,609,novationmusic.com
865,610,nowtv.com
866,611,npm.community
867,612,ns1.com
868,613,ntaskmanager.com
869,614,nubank.com.br
870,615,nvidia.com
871,616,oreilly.com
872,617,octopus.do
873,618,odnoklassniki.ru
874,619,offerup.com
875,620,okcupid.com
876,621,oneskyapp.com
877,622,onet.pl
878,623,online.net
879,624,onlinetvrecorder.com
880,625,opencores.org
881,626,opendesktop.org
882,627,opendns.com
883,628,openinvest.com
884,628,openinvest.co
885,629,openshift.com
886,630,openstreetmap.org
887,631,orkut.google.com
888,632,osbuddy.com
889,632,rsbuddy.com
890,633,osu.ppy.sh
891,634,outofmilk.com
892,635,outdooractive.com
893,636,live.com
894,637,overcast.fm
895,638,overleaf.com
896,639,overstock.com
897,640,pandora.com
898,641,pantheon.io
899,642,papara.com
900,643,fiftythree.com
901,644,paperkarma.com
902,645,paradoxplaza.com
903,645,crusaderkings.com
904,645,citiesskylines.com
905,645,heartsofiron4.com
906,646,parcello.org
907,647,parkmobile.us
908,647,parkmobile.com
909,647,parkmobile.zendesk.com
910,648,passdock.com
911,648,api.passdock.com
912,649,pastebin.com
913,650,patreon.com
914,651,patrickkempf.de
915,652,paypal.com
916,653,paysera.com
917,654,pcpartpicker.com
918,655,pdffiller.com
919,656,www.peak.net
920,657,penzu.com
921,658,peopleperhour.com
922,659,perfect-shave.de
923,660,personalcapital.com
924,661,de.personello.com
925,662,pexels.com
926,663,meethue.com
927,663,account.meethue.com
928,664,phishtank.com
929,665,photobucket.com
930,666,phpclasses.org
931,667,picasaweb.google.com
932,667,picasa.google.com
933,668,picpay.com
934,668,picpay.me
935,669,pinboard.in
936,670,pingdom.com
937,671,pinterest.com
938,672,pivotaltracker.com
939,673,pixabay.com
940,674,www.pixiv.net
941,675,pixlr.com
942,676,pixum.com
943,677,plantsnap.com
944,678,player.fm
945,679,playposit.com
946,680,playstation.com
947,681,pof.com
948,682,plex.tv
949,683,plexguide.com
950,684,codeschool.com
951,684,pluralsight.com
952,685,getpocket.com
953,686,pocketcasts.com
954,687,pocoyo.com
955,688,podio.com
956,689,points.com
957,690,niantic.helpshift.com
958,690,gorelease-assets.nianticstatic.com
959,690,nianticlabs.com
960,691,ponlist.de
961,692,porkbun.com
962,693,postale.io
963,694,postcrossing.com
964,695,getpostman.com
965,696,postmates.com
966,697,premera.com
967,698,premiumize.me
968,699,preyproject.com
969,700,prezi.com
970,701,producthunt.com
971,702,https://promods.net/
972,703,prosper.com
973,704,proto.io
974,705,protonmail.com
975,706,protonvpn.com
976,706,account.protonvpn.com
977,707,prottapp.com
978,708,publiclab.org
979,709,pulseway.com
980,710,pushover.net
981,711,put.io
982,712,pypi.org
983,713,quanticfoundry.com
984,714,quip.com
985,715,quizlet.com
986,716,quora.com
987,717,radio.fr
988,718,radiooooo.com
989,719,raileurope.com
990,720,raindrop.io
991,721,rainforestqa.com
992,722,rapidapi.com
993,723,rateyourmusic.com
994,724,raywenderlich.com
995,725,razerzone.com
996,726,readernaut.com
997,727,real-debrid.com
998,728,recarga.com
999,728,recarga.helpshift.com
1000,728,recargapay.cl
1001,728,recargapay.co
1002,728,recargapay.com
1003,728,recargapay.com.ar
1004,728,recargapay.com.br
1005,728,recargapay.com.co
1006,728,recargapay.com.mx
1007,728,recargapay.es
1008,728,recargapay.prezly.com
1009,728,recargapay.us
1010,728,recargapay.workable.com
1011,729,redbubble.com
1012,730,reddit.com
1013,731,reddit.com
1014,732,redditgifts.com
1015,733,redpen.io
1016,734,rememberthemilk.com
1017,735,remind.com
1018,736,replaypoker.com
1019,737,rescuetime.com
1020,738,retrospring.net
1021,739,revolut.com
1022,740,rideindego.com
1023,741,riffle.com
1024,742,riotgames.com
1025,742,playvalorant.com
1026,742,leagueoflegends.com
1027,742,playruneterra.com
1028,743,ripe.net
1029,744,robinhood.com
1030,745,www.roblox.com
1031,746,rockstargames.com
1032,747,roll20.net
1033,748,rosettastone.com
1034,749,rottentomatoes.com
1035,750,rovio.com
1036,751,runescape.com
1037,752,runkeeper.com
1038,753,runtastic.com
1039,754,ryanair.com
1040,755,sahibinden.com
1041,756,sammobile.com
1042,757,samsung.com
1043,758,scaleway.com
1044,759,scanmyserver.com
1045,760,scavify.com
1046,761,scentbird.com
1047,762,myscholly.com
1048,763,scratch.mit.edu
1049,764,scribd.com
1050,765,seagate.com
1051,766,sedo.com
1052,767,sellfy.com
1053,768,setapp.com
1054,769,seznam.cz
1055,770,sharelatex.com
1056,771,shipito.com
1057,772,shopee.com
1058,773,shopify.com
1059,774,shorte.st
1060,775,showrss.info
1061,776,shpock.com
1062,777,shutterfly.com
1063,778,shutterstock.com
1064,779,sigfig.com
1065,780,simplemachines.org
1066,781,simplelogin.io
1067,782,simplenote.com
1068,783,sketchfab.com
1069,784,skillshare.com
1070,785,skoob.com.br
1071,786,skype.com
1072,787,slack.com
1073,788,slashdot.org
1074,789,sleeveyourgames.com
1075,790,slideshare.com
1076,791,smartrecruiters.com
1077,792,snapchat.com
1078,793,socialblade.com
1079,794,softcreatr.com
1080,794,softcreatr.de
1081,795,sololearn.com
1082,796,songkick.com
1083,797,sonico.com
1084,798,sonos.com
1085,799,soundcloud.com
1086,800,www.soup.io
1087,801,sourceforge.net
1088,802,speakerdeck.com
1089,803,speedtest.net
1090,803,help.speedtest.net
1091,804,spigotmc.org
1092,805,splitwise.com
1093,806,spotify.com
1094,807,cash.me
1095,808,stackoverflow.com
1096,809,starbucks.com
1097,810,startnext.com
1098,811,statcounter.com
1099,812,statista.com
1100,813,statuscake.com
1101,814,steampowered.com
1102,815,stepmap.de
1103,816,stickk.com
1104,816,stickk.zendesk.com
1105,817,stockinformer.com
1106,818,storenvy.com
1107,819,storify.com
1108,820,strava.com
1109,821,streamable.com
1110,822,streamyard.com
1111,823,stripe.com
1112,824,strongholdkingdoms.com
1113,825,studymode.com
1114,826,stumbleupon.com
1115,827,superdominios.org
1116,828,boombeach.com
1117,828,brawlstars.com
1118,828,clashofclans.com
1119,828,clashroyale.com
1120,828,clashroyaleapp.com
1121,828,haydaygame.com
1122,828,supercell.com
1123,828,supercell.helpshift.com
1124,829,surfshark.com
1125,830,surveymonkey.com
1126,831,surveytime.io
1127,832,svbtle.com
1128,833,swagbucks.com
1129,834,tablondeanuncios.com
1130,835,tagged.com
1131,836,taiga.io
1132,836,tree.taiga.io
1133,837,tango.me
1134,838,target.com
1135,839,targetprocess.com
1136,840,teachoo.com
1137,841,teamgantt.com
1138,842,teamviewer.com
1139,843,tebex.io
1140,844,technicpack.net
1141,845,technorati.com
1142,846,ted.com
1143,847,telegram.org
1144,848,tempo.eu.com
1145,848,k.tempocrypto.com
1146,849,tenpercent.com
1147,850,status.tosdr.org
1148,850,forum.tosdr.org
1149,850,edit.tosdr.org
1150,850,tosdr.org
1151,851,teuxdeux.com
1152,852,textplus.com
1153,852,nextplus.me
1154,853,textures.com
1155,854,culturedcode.com
1156,855,threema.ch
1157,856,ticketmaster.com
1158,857,tidal.com
1159,858,tiktok.com
1160,859,tkirch.dev
1161,859,tkirch.de
1162,859,tituskirch.de
1163,860,todoist.com
1164,861,toggl.com
1165,862,tokopedia.com
1166,863,toogoodtogo.com
1167,864,topcoder.com
1168,865,topface.com
1169,866,trac.torproject.org
1170,867,thetracktor.com
1171,868,trakt.tv
1172,869,transferxl.com
1173,870,transifex.com
1174,871,trashmail.com
1175,872,trello.com
1176,873,trillian.im
1177,874,tripadvisor.com
1178,875,tripit.com
1179,876,triptipedia.com
1180,877,www.trollandtoad.com
1181,878,tumblr.com
1182,879,turo.com
1183,880,keemail.me
1184,880,tuta.io
1185,880,tutamail.com
1186,880,tutanota.com
1187,880,tutanota.de
1188,881,tweek.so
1189,882,twenty20.com
1190,883,twitch.tv
1191,884,twitter.com
1192,885,www.twoo.com
1193,886,twoseven.xyz
1194,887,typeform.com
1195,888,typepad.com
1196,889,uber.com
1197,890,ui.com
1198,891,ubisoft.com
1199,891,ubi.com
1200,892,one.ubuntu.com
1201,893,udacity.com
1202,894,udemy.com
1203,895,uncubed.com
1204,896,unfuddle.io
1205,897,myunidays.com
1206,898,united-domains.de
1207,899,unity3d.com
1208,900,unroll.me
1209,901,unsplash.com
1210,902,uphold.com
1211,903,ups.com
1212,904,uptimerobot.com
1213,905,usersnap.com
1214,906,ustream.tv
1215,907,uswitch.com
1216,908,kinja.com
1217,909,velohero.com
1218,910,veduca.com.br
1219,911,vgy.me
1220,912,viabox.com
1221,913,viadeo.com
1222,914,viber.com
1223,915,vidio.com
1224,916,vidyard.com
1225,917,vimeo.com
1226,918,vine.co
1227,919,virtualmaster.com
1228,920,vivaolinux.com.br
1229,921,vivaldi.com
1230,921,vivaldi.net
1231,922,vk.com
1232,923,voat.co
1233,924,voxer.com
1234,925,vsco.co
1235,926,vstbuzz.com
1236,927,walmart.com
1237,928,wanikani.com
1238,929,wattpad.com
1239,930,wayn.com
1240,931,waze.com
1241,932,petitions.whitehouse.gov
1242,933,weather.com
1243,934,web.de
1244,935,settings.webex.com
1245,936,webtickets.co.za
1246,937,webull.com
1247,938,wedbio.com
1248,939,weebly.com
1249,940,weheartit.com
1250,941,westernunion.ch
1251,941,westernunion.com
1252,942,wg-gesucht.de
1253,943,whatpulse.org
1254,944,whatsapp.com
1255,945,which.co.uk
1256,946,whizlabs.com
1257,947,whosay.com
1258,948,wikidot.com
1259,949,wikipedia.org
1260,950,windscribe.com
1261,951,wish.com
1262,952,WishSimply.com
1263,953,wix.com
1264,954,wizards.com
1265,955,wolframalpha.com
1266,956,woltlab.com
1267,956,saschamoser.de
1268,956,softcreatr.com
1269,956,tkirch.dev
1270,957,wordpress.com
1271,958,workupload.com
1272,959,wt.social
1273,960,xda-developers.com
1274,961,xing.com
1275,962,yahoo.com
1276,963,yammer.com
1277,964,yandex.com
1278,965,yelp.co.uk
1279,966,youneedabudget.com
1280,967,youtube.com
1281,968,yoyogames.com
1282,969,yummly.com
1283,970,zapier.com
1284,971,zattoo.com
1285,972,zazzle.com
1286,973,zeit.co
1287,974,zeit.de
1288,975,zendesk.com
1289,976,zenkit.com
1290,977,zoho.com
1291,978,zombiesrungame.com
1292,979,zoom.us
1293,980,zulipchat.com
1294,981,zynga.com
1295,982,ciceksepeti.com